{
  "version": "1.3.1",
  "eventtext": "Event",
  "roundoption": "keep",
  "theme": "system",
  "disc": "2",
  "tomb": true,
  "snowball": false,
  "azure": false,
  "kuro": true,
  "changelog": "NSBot 1.3.1 (19 ตุลาคม 2024)\n※ ลองแก้ไขบอทไปต่อไม่ถูก เมื่อเจอ UI ใหม่ ในโหมด Event\n※ ปรับความเร็วการจบดันของโหมดสำรวจ กลับมาเป็นแบบเก่า",
  "notify": true
}